onset	duration	trial_type
4.082	2.002	audio_computation
6.469	2.002	audio_computation
11.858	0.154	vertical_checkerboard
12.013	0.154	vertical_checkerboard
12.166	0.154	vertical_checkerboard
12.32	0.154	vertical_checkerboard
12.474	0.154	vertical_checkerboard
12.628	0.154	vertical_checkerboard
12.782	0.154	vertical_checkerboard
12.936	0.154	vertical_checkerboard
13.09	0.154	vertical_checkerboard
13.244	0.154	vertical_checkerboard
13.398	0.154	vertical_checkerboard
13.552	0.154	vertical_checkerboard
14.861	0.308	visual_left_hand_button_press
15.169	0.308	visual_left_hand_button_press
15.477	0.308	visual_left_hand_button_press
15.786	0.308	visual_left_hand_button_press
18.711	2.002	sentence_listening
21.714	0.308	visual_right_hand_button_press
22.022	0.308	visual_right_hand_button_press
22.33	0.308	visual_right_hand_button_press
22.638	0.308	visual_right_hand_button_press
24.641	2.002	sentence_listening
27.643	2.618	audio_left_hand_button_press
30.723	2.618	audio_right_hand_button_press
33.803	2.002	sentence_listening
37.191	0.154	horizontal_checkerboard
37.345	0.154	horizontal_checkerboard
37.499	0.154	horizontal_checkerboard
37.653	0.154	horizontal_checkerboard
37.807	0.154	horizontal_checkerboard
37.961	0.154	horizontal_checkerboard
38.115	0.154	horizontal_checkerboard
38.269	0.154	horizontal_checkerboard
38.423	0.154	horizontal_checkerboard
38.577	0.154	horizontal_checkerboard
38.731	0.154	horizontal_checkerboard
38.885	0.154	horizontal_checkerboard
39.886	0.308	visual_computation
40.194	0.308	visual_computation
40.502	0.308	visual_computation
40.81	0.308	visual_computation
43.736	0.308	sentence_reading
44.044	0.308	sentence_reading
44.352	0.308	sentence_reading
44.66	0.308	sentence_reading
46.046	0.308	sentence_reading
46.354	0.308	sentence_reading
46.662	0.308	sentence_reading
46.97	0.308	sentence_reading
49.28	0.308	visual_computation
49.588	0.308	visual_computation
49.896	0.308	visual_computation
50.204	0.308	visual_computation
52.822	0.308	visual_computation
53.13	0.308	visual_computation
53.438	0.308	visual_computation
53.746	0.308	visual_computation
61.6	0.308	sentence_reading
61.908	0.308	sentence_reading
62.216	0.308	sentence_reading
62.524	0.308	sentence_reading
65.45	0.154	vertical_checkerboard
65.604	0.154	vertical_checkerboard
65.758	0.154	vertical_checkerboard
65.912	0.154	vertical_checkerboard
66.066	0.154	vertical_checkerboard
66.22	0.154	vertical_checkerboard
66.374	0.154	vertical_checkerboard
66.528	0.154	vertical_checkerboard
66.682	0.154	vertical_checkerboard
66.836	0.154	vertical_checkerboard
66.99	0.154	vertical_checkerboard
67.144	0.154	vertical_checkerboard
68.453	3.696	audio_left_hand_button_press
75.229	0.308	visual_right_hand_button_press
75.537	0.308	visual_right_hand_button_press
75.845	0.308	visual_right_hand_button_press
76.153	0.308	visual_right_hand_button_press
77.847	2.002	audio_right_hand_button_press
81.466	0.308	sentence_reading
81.774	0.308	sentence_reading
82.081	0.308	sentence_reading
82.39	0.308	sentence_reading
90.244	0.308	visual_computation
90.552	0.308	visual_computation
90.859	0.308	visual_computation
91.167	0.308	visual_computation
94.094	0.308	visual_left_hand_button_press
94.402	0.308	visual_left_hand_button_press
94.709	0.308	visual_left_hand_button_press
95.018	0.308	visual_left_hand_button_press
97.02	3.388	sentence_listening
103.488	0.154	horizontal_checkerboard
103.642	0.154	horizontal_checkerboard
103.795	0.154	horizontal_checkerboard
103.95	0.154	horizontal_checkerboard
104.103	0.154	horizontal_checkerboard
104.257	0.154	horizontal_checkerboard
104.412	0.154	horizontal_checkerboard
104.565	0.154	horizontal_checkerboard
104.719	0.154	horizontal_checkerboard
104.874	0.154	horizontal_checkerboard
105.027	0.154	horizontal_checkerboard
105.181	0.154	horizontal_checkerboard
116.038	0.308	visual_computation
116.347	0.308	visual_computation
116.654	0.308	visual_computation
116.962	0.308	visual_computation
125.124	2.002	audio_right_hand_button_press
127.896	2.002	sentence_listening
131.284	0.154	horizontal_checkerboard
131.439	0.154	horizontal_checkerboard
131.592	0.154	horizontal_checkerboard
131.746	0.154	horizontal_checkerboard
131.901	0.154	horizontal_checkerboard
132.054	0.154	horizontal_checkerboard
132.208	0.154	horizontal_checkerboard
132.362	0.154	horizontal_checkerboard
132.516	0.154	horizontal_checkerboard
132.67	0.154	horizontal_checkerboard
132.824	0.154	horizontal_checkerboard
132.978	0.154	horizontal_checkerboard
134.441	2.002	audio_computation
140.524	0.308	sentence_reading
140.832	0.308	sentence_reading
141.14	0.308	sentence_reading
141.448	0.308	sentence_reading
144.374	0.308	visual_computation
144.682	0.308	visual_computation
144.99	0.308	visual_computation
145.298	0.308	visual_computation
147.3	0.308	visual_computation
147.608	0.308	visual_computation
147.916	0.308	visual_computation
148.224	0.308	visual_computation
150.226	0.154	horizontal_checkerboard
150.38	0.154	horizontal_checkerboard
150.534	0.154	horizontal_checkerboard
150.688	0.154	horizontal_checkerboard
150.842	0.154	horizontal_checkerboard
150.996	0.154	horizontal_checkerboard
151.15	0.154	horizontal_checkerboard
151.304	0.154	horizontal_checkerboard
151.458	0.154	horizontal_checkerboard
151.612	0.154	horizontal_checkerboard
151.766	0.154	horizontal_checkerboard
151.92	0.154	horizontal_checkerboard
153.537	0.308	visual_left_hand_button_press
153.845	0.308	visual_left_hand_button_press
154.153	0.308	visual_left_hand_button_press
154.461	0.308	visual_left_hand_button_press
154.769	2.31	visual_left_hand_button_press
157.079	2.002	sentence_listening
159.851	0.154	vertical_checkerboard
160.005	0.154	vertical_checkerboard
160.159	0.154	vertical_checkerboard
160.313	0.154	vertical_checkerboard
160.467	0.154	vertical_checkerboard
160.621	0.154	vertical_checkerboard
160.775	0.154	vertical_checkerboard
160.929	0.154	vertical_checkerboard
161.083	0.154	vertical_checkerboard
161.237	0.154	vertical_checkerboard
161.391	0.154	vertical_checkerboard
161.545	0.154	vertical_checkerboard
163.701	2.002	audio_computation
167.32	0.154	horizontal_checkerboard
167.474	0.154	horizontal_checkerboard
167.628	0.154	horizontal_checkerboard
167.782	0.154	horizontal_checkerboard
167.936	0.154	horizontal_checkerboard
168.09	0.154	horizontal_checkerboard
168.244	0.154	horizontal_checkerboard
168.398	0.154	horizontal_checkerboard
168.552	0.154	horizontal_checkerboard
168.706	0.154	horizontal_checkerboard
168.86	0.154	horizontal_checkerboard
169.014	0.154	horizontal_checkerboard
170.631	0.308	sentence_reading
170.939	0.308	sentence_reading
171.247	0.308	sentence_reading
171.555	0.308	sentence_reading
173.865	0.308	visual_left_hand_button_press
174.173	0.308	visual_left_hand_button_press
174.481	0.308	visual_left_hand_button_press
174.789	0.308	visual_left_hand_button_press
176.56	2.002	audio_computation
179.948	0.308	sentence_reading
180.256	0.308	sentence_reading
180.564	0.308	sentence_reading
180.872	0.308	sentence_reading
182.873	2.002	audio_left_hand_button_press
186.262	0.308	visual_computation
186.57	0.308	visual_computation
186.878	0.308	visual_computation
187.185	0.308	visual_computation
188.803	0.154	vertical_checkerboard
188.957	0.154	vertical_checkerboard
189.111	0.154	vertical_checkerboard
189.265	0.154	vertical_checkerboard
189.419	0.154	vertical_checkerboard
189.572	0.154	vertical_checkerboard
189.727	0.154	vertical_checkerboard
189.881	0.154	vertical_checkerboard
190.034	0.154	vertical_checkerboard
190.189	0.154	vertical_checkerboard
190.343	0.154	vertical_checkerboard
190.496	0.154	vertical_checkerboard
201.045	0.154	vertical_checkerboard
201.199	0.154	vertical_checkerboard
201.354	0.154	vertical_checkerboard
201.507	0.154	vertical_checkerboard
201.662	0.154	vertical_checkerboard
201.816	0.154	vertical_checkerboard
201.969	0.154	vertical_checkerboard
202.123	0.154	vertical_checkerboard
202.278	0.154	vertical_checkerboard
202.431	0.154	vertical_checkerboard
202.586	0.154	vertical_checkerboard
202.739	0.154	vertical_checkerboard
204.664	0.308	visual_computation
204.973	0.308	visual_computation
205.28	0.308	visual_computation
205.588	0.308	visual_computation
208.206	0.308	sentence_reading
208.515	0.308	sentence_reading
208.822	0.308	sentence_reading
209.131	0.308	sentence_reading
211.44	2.002	audio_computation
214.443	2.002	audio_computation
217.215	0.154	horizontal_checkerboard
217.37	0.154	horizontal_checkerboard
217.523	0.154	horizontal_checkerboard
217.677	0.154	horizontal_checkerboard
217.831	0.154	horizontal_checkerboard
217.985	0.154	horizontal_checkerboard
218.139	0.154	horizontal_checkerboard
218.293	0.154	horizontal_checkerboard
218.447	0.154	horizontal_checkerboard
218.601	0.154	horizontal_checkerboard
218.755	0.154	horizontal_checkerboard
218.909	0.154	horizontal_checkerboard
220.834	0.154	horizontal_checkerboard
220.988	0.154	horizontal_checkerboard
221.142	0.154	horizontal_checkerboard
221.296	0.154	horizontal_checkerboard
221.45	0.154	horizontal_checkerboard
221.604	0.154	horizontal_checkerboard
221.758	0.154	horizontal_checkerboard
221.913	0.154	horizontal_checkerboard
222.066	0.154	horizontal_checkerboard
222.22	0.154	horizontal_checkerboard
222.374	0.154	horizontal_checkerboard
222.528	0.154	horizontal_checkerboard
224.145	0.154	horizontal_checkerboard
224.299	0.154	horizontal_checkerboard
224.453	0.154	horizontal_checkerboard
224.607	0.154	horizontal_checkerboard
224.761	0.154	horizontal_checkerboard
224.915	0.154	horizontal_checkerboard
225.069	0.154	horizontal_checkerboard
225.223	0.154	horizontal_checkerboard
225.377	0.154	horizontal_checkerboard
225.531	0.154	horizontal_checkerboard
225.685	0.154	horizontal_checkerboard
225.839	0.154	horizontal_checkerboard
227.148	2.002	audio_right_hand_button_press
230.151	2.002	audio_right_hand_button_press
233.154	0.154	vertical_checkerboard
233.308	0.154	vertical_checkerboard
233.462	0.154	vertical_checkerboard
233.616	0.154	vertical_checkerboard
233.77	0.154	vertical_checkerboard
233.924	0.154	vertical_checkerboard
234.078	0.154	vertical_checkerboard
234.232	0.154	vertical_checkerboard
234.386	0.154	vertical_checkerboard
234.54	0.154	vertical_checkerboard
234.694	0.154	vertical_checkerboard
234.848	0.154	vertical_checkerboard
236.157	2.002	audio_computation
239.545	0.154	vertical_checkerboard
239.699	0.154	vertical_checkerboard
239.853	0.154	vertical_checkerboard
240.007	0.154	vertical_checkerboard
240.161	0.154	vertical_checkerboard
240.315	0.154	vertical_checkerboard
240.469	0.154	vertical_checkerboard
240.623	0.154	vertical_checkerboard
240.777	0.154	vertical_checkerboard
240.931	0.154	vertical_checkerboard
241.085	0.154	vertical_checkerboard
241.24	0.154	vertical_checkerboard
242.856	0.308	visual_right_hand_button_press
243.164	0.308	visual_right_hand_button_press
243.472	0.308	visual_right_hand_button_press
243.78	0.308	visual_right_hand_button_press
245.397	0.308	visual_left_hand_button_press
245.705	0.308	visual_left_hand_button_press
246.013	0.308	visual_left_hand_button_press
246.321	0.308	visual_left_hand_button_press
248.939	2.002	audio_computation
251.711	2.002	sentence_listening
261.259	0.308	sentence_reading
261.567	0.308	sentence_reading
261.875	0.308	sentence_reading
262.183	0.308	sentence_reading
263.877	0.154	vertical_checkerboard
264.031	0.154	vertical_checkerboard
264.185	0.154	vertical_checkerboard
264.339	0.154	vertical_checkerboard
264.493	0.154	vertical_checkerboard
264.647	0.154	vertical_checkerboard
264.801	0.154	vertical_checkerboard
264.955	0.154	vertical_checkerboard
265.109	0.154	vertical_checkerboard
265.263	0.154	vertical_checkerboard
265.417	0.154	vertical_checkerboard
265.571	0.154	vertical_checkerboard
267.496	0.308	visual_computation
267.804	0.308	visual_computation
268.112	0.308	visual_computation
268.42	0.308	visual_computation
270.037	2.002	audio_left_hand_button_press
272.809	2.002	audio_left_hand_button_press
275.812	2.002	audio_computation
279.431	0.154	horizontal_checkerboard
279.584	0.154	horizontal_checkerboard
279.739	0.154	horizontal_checkerboard
279.893	0.154	horizontal_checkerboard
280.047	0.154	horizontal_checkerboard
280.201	0.154	horizontal_checkerboard
280.355	0.154	horizontal_checkerboard
280.509	0.154	horizontal_checkerboard
280.663	0.154	horizontal_checkerboard
280.817	0.154	horizontal_checkerboard
280.971	0.154	horizontal_checkerboard
281.125	0.154	horizontal_checkerboard
282.434	0.154	vertical_checkerboard
282.588	0.154	vertical_checkerboard
282.742	0.154	vertical_checkerboard
282.896	0.154	vertical_checkerboard
283.05	0.154	vertical_checkerboard
283.204	0.154	vertical_checkerboard
283.358	0.154	vertical_checkerboard
283.512	0.154	vertical_checkerboard
283.665	0.154	vertical_checkerboard
283.82	0.154	vertical_checkerboard
283.974	0.154	vertical_checkerboard
284.127	0.154	vertical_checkerboard
285.745	0.154	vertical_checkerboard
285.899	0.154	vertical_checkerboard
286.052	0.154	vertical_checkerboard
286.207	0.154	vertical_checkerboard
286.361	0.154	vertical_checkerboard
286.514	0.154	vertical_checkerboard
286.669	0.154	vertical_checkerboard
286.823	0.154	vertical_checkerboard
286.976	0.154	vertical_checkerboard
287.131	0.154	vertical_checkerboard
287.285	0.154	vertical_checkerboard
287.438	0.154	vertical_checkerboard
291.828	0.308	visual_right_hand_button_press
292.136	0.308	visual_right_hand_button_press
292.443	0.308	visual_right_hand_button_press
292.751	0.308	visual_right_hand_button_press
294.369	0.154	horizontal_checkerboard
294.523	0.154	horizontal_checkerboard
294.676	0.154	horizontal_checkerboard
294.831	0.154	horizontal_checkerboard
294.985	0.154	horizontal_checkerboard
295.138	0.154	horizontal_checkerboard
295.293	0.154	horizontal_checkerboard
295.447	0.154	horizontal_checkerboard
295.6	0.154	horizontal_checkerboard
295.754	0.154	horizontal_checkerboard
295.909	0.154	horizontal_checkerboard
296.062	0.154	horizontal_checkerboard
300.76	2.002	sentence_listening
304.379	0.308	sentence_reading
304.686	0.308	sentence_reading
304.995	0.308	sentence_reading
305.302	0.308	sentence_reading
306.92	0.308	visual_right_hand_button_press
307.227	0.308	visual_right_hand_button_press
307.535	0.308	visual_right_hand_button_press
307.843	0.308	visual_right_hand_button_press
308.152	1.386	visual_right_hand_button_press
309.538	2.002	sentence_listening
313.157	2.002	sentence_listening
